{"cameraMode":{"drawMode":0,"name":"Shaded","section":"Shading Mode"},"sceneLighting":false,"audioPlay":false,"sceneViewState":{"showFog":true,"showMaterialUpdate":false,"showSkybox":true,"showFlares":true,"showImageEffects":true,"showParticleSystems":true},"in2DMode":false,"pivot":{"x":0.34905433654785159,"y":4.484524726867676,"z":-5.047301292419434},"rotation":{"x":-0.0675550103187561,"y":0.9174511432647705,"z":-0.17721445858478547,"w":-0.34973639249801638},"size":14.199825286865235,"orthographic":false}